{
  "11": {
    "type": "LoadWanVideoT5TextEncoder",
    "pos": [
      -795.1616201345697,
      -458.50687233733436
    ],
    "size": [
      377.1661376953125,
      130
    ],
    "flags": {},
    "order": 0,
    "mode": 0,
    "inputs": {
      "model_name": "umt5-xxl-enc-bf16.safetensors",
      "precision": "bf16",
      "offload_device": "offload_device",
      "offload_mode": "disabled"
    },
    "outputs": [
      {
        "name": "wan_t5_model",
        "type": "WANTEXTENCODER",
        "slot_index": 0,
        "links": [
          15
        ]
      }
    ],
    "properties": {
      "cnr_id": "ComfyUI-WanVideoWrapper",
      "ver": "998a69cc0acbec503001b8b0ce0a5d5404420e1e",
      "Node name for S&R": "LoadWanVideoT5TextEncoder"
    },
    "widgets_values": [
      "umt5-xxl-enc-bf16.safetensors",
      "bf16",
      "offload_device",
      "disabled"
    ],
    "color": "#332922",
    "bgcolor": "#593930",
    "class_type": "LoadWanVideoT5TextEncoder"
  },
  "98": {
    "type": "WanVideoAddOneToAllPoseEmbeds",
    "pos": [
      1448.8516747518884,
      -759.5892906813722
    ],
    "size": [
      344.2642578125,
      146
    ],
    "flags": {},
    "order": 98,
    "mode": 0,
    "inputs": {
      "embeds": [
        "105",
        0
      ],
      "pose_images": [
        "195",
        0
      ],
      "pose_prefix_image": [
        "141",
        1
      ]
    },
    "outputs": [
      {
        "name": "image_embeds",
        "type": "WANVIDIMAGE_EMBEDS",
        "links": [
          330
        ]
      }
    ],
    "properties": {
      "cnr_id": "ComfyUI-WanVideoWrapper",
      "ver": "0f217be4d8742741b0f89db50138214302a58dc3",
      "Node name for S&R": "WanVideoAddOneToAllPoseEmbeds"
    },
    "widgets_values": [
      1,
      0,
      1
    ],
    "class_type": "WanVideoAddOneToAllPoseEmbeds"
  },
  "106": {
    "type": "LoadImage",
    "pos": [
      -1193.755718041252,
      -1749.5456298423485
    ],
    "size": [
      274.080078125,
      314
    ],
    "flags": {},
    "order": 2,
    "mode": 0,
    "inputs": {},
    "outputs": [
      {
        "name": "IMAGE",
        "type": "IMAGE",
        "links": [
          277
        ]
      },
      {
        "name": "MASK",
        "type": "MASK",
        "links": null
      }
    ],
    "title": "Load Image: Reference",
    "properties": {
      "cnr_id": "comfy-core",
      "ver": "0.3.76",
      "Node name for S&R": "LoadImage"
    },
    "widgets_values": [
      "pasted/image (1035).png",
      "image"
    ],
    "class_type": "LoadImage"
  },
  "128": {
    "type": "OnnxDetectionModelLoader",
    "pos": [
      -335.45014980720333,
      -1988.997571942917
    ],
    "size": [
      292.8853515625,
      106
    ],
    "flags": {},
    "order": 3,
    "mode": 0,
    "inputs": {
      "vitpose_model": "vitpose-l-wholebody.onnx",
      "yolo_model": "onnx\\yolov10m.onnx",
      "onnx_device": "CUDAExecutionProvider"
    },
    "outputs": [
      {
        "name": "model",
        "type": "POSEMODEL",
        "links": [
          255
        ]
      }
    ],
    "properties": {
      "cnr_id": "ComfyUI-WanAnimatePreprocess",
      "ver": "2fcbcae7eec637fdc712fdec18e6266feb8ba3a7",
      "Node name for S&R": "OnnxDetectionModelLoader"
    },
    "widgets_values": [
      "vitpose-l-wholebody.onnx",
      "onnx\\yolov10m.onnx",
      "CUDAExecutionProvider"
    ],
    "class_type": "OnnxDetectionModelLoader"
  },
  "105": {
    "type": "WanVideoAddOneToAllReferenceEmbeds",
    "pos": [
      1457.4042220746367,
      -1063.546662053317
    ],
    "size": [
      344.1879986998439,
      166
    ],
    "flags": {},
    "order": 92,
    "mode": 0,
    "inputs": {
      "embeds": [
        "99",
        0
      ],
      "vae": [
        "38",
        0
      ],
      "ref_image": [
        "141",
        2
      ],
      "ref_mask": [
        "141",
        3
      ]
    },
    "outputs": [
      {
        "name": "image_embeds",
        "type": "WANVIDIMAGE_EMBEDS",
        "links": [
          331
        ]
      }
    ],
    "properties": {
      "cnr_id": "ComfyUI-WanVideoWrapper",
      "ver": "0f217be4d8742741b0f89db50138214302a58dc3",
      "Node name for S&R": "WanVideoAddOneToAllReferenceEmbeds"
    },
    "widgets_values": [
      1,
      0,
      1
    ],
    "class_type": "WanVideoAddOneToAllReferenceEmbeds"
  },
  "99": {
    "type": "WanVideoEmptyEmbeds",
    "pos": [
      1481.5779452001077,
      -1246.7221935731116
    ],
    "size": [
      272.431640625,
      126
    ],
    "flags": {},
    "order": 73,
    "mode": 0,
    "inputs": {
      "width": [
        "131",
        1
      ],
      "height": [
        "131",
        2
      ],
      "num_frames": 81
    },
    "outputs": [
      {
        "name": "image_embeds",
        "type": "WANVIDIMAGE_EMBEDS",
        "links": [
          184
        ]
      }
    ],
    "properties": {
      "cnr_id": "ComfyUI-WanVideoWrapper",
      "ver": "0f217be4d8742741b0f89db50138214302a58dc3",
      "Node name for S&R": "WanVideoEmptyEmbeds"
    },
    "widgets_values": [
      480,
      832,
      81
    ],
    "class_type": "WanVideoEmptyEmbeds"
  },
  "195": {
    "type": "GetImageRangeFromBatch",
    "pos": [
      1115.2031139178644,
      -849.6709330969245
    ],
    "size": [
      302.1748267547342,
      102
    ],
    "flags": {},
    "order": 74,
    "mode": 0,
    "inputs": {
      "images": [
        "141",
        0
      ],
      "num_frames": 81
    },
    "outputs": [
      {
        "name": "IMAGE",
        "type": "IMAGE",
        "links": [
          352
        ]
      },
      {
        "name": "MASK",
        "type": "MASK",
        "links": null
      }
    ],
    "properties": {
      "cnr_id": "comfyui-kjnodes",
      "ver": "50e7dd34d3b6e6bbab1d41e8068e1ddd19bd4d1b",
      "Node name for S&R": "GetImageRangeFromBatch"
    },
    "widgets_values": [
      0,
      81
    ],
    "class_type": "GetImageRangeFromBatch"
  },
  "35": {
    "type": "WanVideoTorchCompileSettings",
    "pos": [
      -1203.10748054892,
      -1113.158179825764
    ],
    "size": [
      390.5999755859375,
      250
    ],
    "flags": {},
    "order": 9,
    "mode": 0,
    "inputs": {},
    "outputs": [
      {
        "name": "torch_compile_args",
        "type": "WANCOMPILEARGS",
        "slot_index": 0,
        "links": [
          111
        ]
      }
    ],
    "properties": {
      "cnr_id": "ComfyUI-WanVideoWrapper",
      "ver": "998a69cc0acbec503001b8b0ce0a5d5404420e1e",
      "Node name for S&R": "WanVideoTorchCompileSettings"
    },
    "widgets_values": [
      "inductor",
      false,
      "default",
      false,
      64,
      true,
      128,
      false,
      false
    ],
    "color": "#223",
    "bgcolor": "#335",
    "class_type": "WanVideoTorchCompileSettings"
  },
  "22": {
    "type": "WanVideoModelLoader",
    "pos": [
      -783.0013257514316,
      -1113.471824131216
    ],
    "size": [
      477.4410095214844,
      338
    ],
    "flags": {},
    "order": 67,
    "mode": 0,
    "inputs": {
      "compile_args": [
        "35",
        0
      ],
      "model": "WanVideo/OneToAll/Wan21-OneToAllAnimation_fp8_e4m3fn_scaled_KJ.safetensors",
      "base_precision": "fp16_fast",
      "load_device": "disabled",
      "offload_device": "offload_device",
      "quantization": "sageattn",
      "attention_slicing": "default"
    },
    "outputs": [
      {
        "name": "model",
        "type": "WANVIDEOMODEL",
        "slot_index": 0,
        "links": [
          155
        ]
      }
    ],
    "properties": {
      "cnr_id": "ComfyUI-WanVideoWrapper",
      "ver": "998a69cc0acbec503001b8b0ce0a5d5404420e1e",
      "Node name for S&R": "WanVideoModelLoader"
    },
    "widgets_values": [
      "WanVideo\\OneToAll\\Wan21-OneToAllAnimation_fp8_e4m3fn_scaled_KJ.safetensors",
      "fp16_fast",
      "disabled",
      "offload_device",
      "sageattn",
      "default"
    ],
    "color": "#223",
    "bgcolor": "#335",
    "class_type": "WanVideoModelLoader"
  },
  "92": {
    "type": "WanVideoSetBlockSwap",
    "pos": [
      -255.9436070031603,
      -826.7734108769189
    ],
    "size": [
      201.7681640625,
      46
    ],
    "flags": {},
    "order": 79,
    "mode": 0,
    "inputs": {
      "model": [
        "22",
        0
      ],
      "block_swap_args": [
        "39",
        0
      ]
    },
    "outputs": [
      {
        "name": "model",
        "type": "WANVIDEOMODEL",
        "links": [
          157
        ]
      }
    ],
    "properties": {
      "cnr_id": "ComfyUI-WanVideoWrapper",
      "ver": "7e290c67bff1f906cdab84523018573f6c9d4d7f",
      "Node name for S&R": "WanVideoSetBlockSwap"
    },
    "widgets_values": [],
    "color": "#223",
    "bgcolor": "#335",
    "class_type": "WanVideoSetBlockSwap"
  },
  "39": {
    "type": "WanVideoBlockSwap",
    "pos": [
      -257.58717966392953,
      -1104.7483557480432
    ],
    "size": [
      315,
      202
    ],
    "flags": {},
    "order": 10,
    "mode": 0,
    "inputs": {},
    "outputs": [
      {
        "name": "block_swap_args",
        "type": "BLOCKSWAPARGS",
        "slot_index": 0,
        "links": [
          156
        ]
      }
    ],
    "properties": {
      "cnr_id": "ComfyUI-WanVideoWrapper",
      "ver": "998a69cc0acbec503001b8b0ce0a5d5404420e1e",
      "Node name for S&R": "WanVideoBlockSwap"
    },
    "widgets_values": [
      32,
      false,
      false,
      true,
      1,
      1,
      false
    ],
    "color": "#223",
    "bgcolor": "#335",
    "class_type": "WanVideoBlockSwap"
  },
  "80": {
    "type": "WanVideoSetLoRAs",
    "pos": [
      -32.57836520831636,
      -834.969415937952
    ],
    "size": [
      222.27981567382812,
      46
    ],
    "flags": {},
    "order": 83,
    "mode": 0,
    "inputs": {
      "model": [
        "92",
        0
      ],
      "lora": [
        "56",
        0
      ]
    },
    "outputs": [
      {
        "name": "model",
        "type": "WANVIDEOMODEL",
        "links": [
          354
        ]
      }
    ],
    "properties": {
      "cnr_id": "ComfyUI-WanVideoWrapper",
      "ver": "998a69cc0acbec503001b8b0ce0a5d5404420e1e",
      "Node name for S&R": "WanVideoSetLoRAs"
    },
    "widgets_values": [],
    "color": "#223",
    "bgcolor": "#335",
    "class_type": "WanVideoSetLoRAs"
  },
  "56": {
    "type": "WanVideoLoraSelect",
    "pos": [
      -922.1241028789763,
      -702.6640915803675
    ],
    "size": [
      625.6896274024377,
      154.3601465571362
    ],
    "flags": {},
    "order": 11,
    "mode": 0,
    "inputs": {},
    "outputs": [
      {
        "name": "lora",
        "type": "WANVIDLORA",
        "links": [
          110
        ]
      }
    ],
    "properties": {
      "cnr_id": "ComfyUI-WanVideoWrapper",
      "ver": "998a69cc0acbec503001b8b0ce0a5d5404420e1e",
      "Node name for S&R": "WanVideoLoraSelect"
    },
    "widgets_values": [
      "WanVideo\\Lightx2v\\lightx2v_T2V_14B_cfg_step_distill_v2_lora_rank64_bf16_.safetensors",
      1,
      false,
      false
    ],
    "color": "#223",
    "bgcolor": "#335",
    "class_type": "WanVideoLoraSelect"
  },
  "38": {
    "type": "WanVideoVAELoader",
    "pos": [
      -204.09056596688924,
      -659.7661559633536
    ],
    "size": [
      315,
      106
    ],
    "flags": {},
    "order": 12,
    "mode": 0,
    "inputs": {
      "model_name": "wanvideo\\Wan2_1_VAE_bf16.safetensors"
    },
    "outputs": [
      {
        "name": "vae",
        "type": "WANVAE",
        "slot_index": 0,
        "links": [
          324
        ]
      }
    ],
    "properties": {
      "cnr_id": "ComfyUI-WanVideoWrapper",
      "ver": "998a69cc0acbec503001b8b0ce0a5d5404420e1e",
      "Node name for S&R": "WanVideoVAELoader"
    },
    "widgets_values": [
      "wanvideo\\Wan2_1_VAE_bf16.safetensors",
      "bf16",
      false
    ],
    "color": "#322",
    "bgcolor": "#533",
    "class_type": "WanVideoVAELoader"
  },
  "16": {
    "type": "WanVideoTextEncode",
    "pos": [
      -378.1559707543689,
      -458.9345010498894
    ],
    "size": [
      474.3573303222656,
      316.48370361328125
    ],
    "flags": {},
    "order": 66,
    "mode": 0,
    "inputs": {
      "t5": [
        "11",
        0
      ],
      "positive_prompt": "video of anime witch dancing, she's wearing a big hat and a gray robe, the style is soft japanese 2d animation style",
      "negative_prompt": "色调艳丽，过曝，静态，细节模糊不清，字幕，风格，作品，画作，画面，静止，整体发灰，最差质量，低质量，JPEG压缩残留，丑陋的，残缺的，多余的手指，画得不好的手部，画得不好的脸部，畸形的，毁容的，形态畸形的肢体，手指融合，静止不动的画面，杂乱的背景，三条腿，背景人很多，倒着走"
    },
    "outputs": [
      {
        "name": "text_embeds",
        "type": "WANVIDEOTEXTEMBEDS",
        "slot_index": 0,
        "links": [
          356
        ]
      }
    ],
    "properties": {
      "cnr_id": "ComfyUI-WanVideoWrapper",
      "ver": "998a69cc0acbec503001b8b0ce0a5d5404420e1e",
      "Node name for S&R": "WanVideoTextEncode"
    },
    "widgets_values": [
      "video of anime witch dancing, she's wearing a big hat and a gray robe, the style is soft japanese 2d animation style",
      "色调艳丽，过曝，静态，细节模糊不清，字幕，风格，作品，画作，画面，静止，整体发灰，最差质量，低质量，JPEG压缩残留，丑陋的，残缺的，多余的手指，画得不好的手部，画得不好的脸部，畸形的，毁容的，形态畸形的肢体，手指融合，静止不动的画面，杂乱的背景，三条腿，背景人很多，倒着走",
      true,
      true,
      "gpu"
    ],
    "color": "#332922",
    "bgcolor": "#593930",
    "class_type": "WanVideoTextEncode"
  },
  "107": {
    "type": "ImageResizeKJv2",
    "pos": [
      -804.2149849730151,
      -1794.963947440175
    ],
    "size": [
      270,
      336
    ],
    "flags": {},
    "order": 84,
    "mode": 0,
    "inputs": {
      "image": [
        "106",
        0
      ],
      "width": [
        "131",
        1
      ],
      "height": [
        "131",
        2
      ]
    },
    "outputs": [
      {
        "name": "IMAGE",
        "type": "IMAGE",
        "links": [
          257
        ]
      },
      {
        "name": "width",
        "type": "INT",
        "links": null
      },
      {
        "name": "height",
        "type": "INT",
        "links": null
      },
      {
        "name": "mask",
        "type": "MASK",
        "links": null
      }
    ],
    "properties": {
      "cnr_id": "comfyui-kjnodes",
      "ver": "50e7dd34d3b6e6bbab1d41e8068e1ddd19bd4d1b",
      "Node name for S&R": "ImageResizeKJv2"
    },
    "widgets_values": [
      480,
      832,
      "lanczos",
      "crop",
      "0, 0, 0",
      "center",
      16,
      "cpu"
    ],
    "class_type": "ImageResizeKJv2"
  },
  "131": {
    "type": "ImageResizeKJv2",
    "pos": [
      -759.188756073471,
      -2598.358844649257
    ],
    "size": [
      270,
      336
    ],
    "flags": {},
    "order": 69,
    "mode": 0,
    "inputs": {
      "image": [
        "130",
        0
      ],
      "width": 480,
      "height": 832
    },
    "outputs": [
      {
        "name": "IMAGE",
        "type": "IMAGE",
        "links": [
          256
        ]
      },
      {
        "name": "width",
        "type": "INT",
        "links": [
          339
        ]
      },
      {
        "name": "height",
        "type": "INT",
        "links": [
          340
        ]
      },
      {
        "name": "mask",
        "type": "MASK",
        "links": null
      }
    ],
    "properties": {
      "cnr_id": "comfyui-kjnodes",
      "ver": "50e7dd34d3b6e6bbab1d41e8068e1ddd19bd4d1b",
      "Node name for S&R": "ImageResizeKJv2"
    },
    "widgets_values": [
      480,
      832,
      "lanczos",
      "crop",
      "0, 0, 0",
      "center",
      16,
      "cpu"
    ],
    "class_type": "ImageResizeKJv2"
  },
  "138": {
    "type": "PreviewImage",
    "pos": [
      50.86321713314622,
      -1725.2912649416003
    ],
    "size": [
      213.66310348004185,
      374.6435470605736
    ],
    "flags": {},
    "order": 91,
    "mode": 0,
    "inputs": {
      "images": [
        "141",
        2
      ]
    },
    "outputs": [],
    "properties": {
      "cnr_id": "comfy-core",
      "ver": "0.3.76",
      "Node name for S&R": "PreviewImage"
    },
    "widgets_values": [],
    "class_type": "PreviewImage"
  },
  "137": {
    "type": "VHS_VideoCombine",
    "pos": [
      782.285623186155,
      -2444.691047269818
    ],
    "size": [
      287.28398784391584,
      811.2922455961209
    ],
    "flags": {},
    "order": 94,
    "mode": 0,
    "inputs": {
      "images": [
        "141",
        0
      ],
      "frame_rate": 16,
      "loop_count": 0,
      "filename_prefix": "onetotall_pose",
      "format": "video/h264-mp4",
      "pix_fmt": "yuv420p",
      "crf": 19,
      "save_metadata": true,
      "trim_to_audio": false,
      "pingpong": false,
      "save_output": false
    },
    "outputs": [
      {
        "name": "Filenames",
        "type": "VHS_FILENAMES",
        "links": null
      }
    ],
    "properties": {
      "cnr_id": "comfyui-videohelpersuite",
      "ver": "0a75c7958fe320efcb052f1d9f8451fd20c730a8",
      "Node name for S&R": "VHS_VideoCombine"
    },
    "widgets_values": {
      "frame_rate": 16,
      "loop_count": 0,
      "filename_prefix": "onetotall_pose",
      "format": "video/h264-mp4",
      "pix_fmt": "yuv420p",
      "crf": 19,
      "save_metadata": true,
      "trim_to_audio": false,
      "pingpong": false,
      "save_output": false,
      "videopreview": {
        "hidden": false,
        "paused": false,
        "params": {
          "filename": "onetotall_pose_00019.mp4",
          "subfolder": "",
          "type": "temp",
          "format": "video/h264-mp4",
          "frame_rate": 16,
          "workflow": "onetotall_pose_00019.png",
          "fullpath": "N:\\AI\\ComfyUI\\temp\\onetotall_pose_00019.mp4"
        }
      }
    },
    "class_type": "VHS_VideoCombine"
  },
  "145": {
    "type": "PreviewImage",
    "pos": [
      515.6198450949249,
      -2023.7646316057644
    ],
    "size": [
      210,
      382.14765702148634
    ],
    "flags": {},
    "order": 95,
    "mode": 0,
    "inputs": {
      "images": [
        "141",
        1
      ]
    },
    "outputs": [],
    "properties": {
      "cnr_id": "comfy-core",
      "ver": "0.3.76",
      "Node name for S&R": "PreviewImage"
    },
    "widgets_values": [],
    "class_type": "PreviewImage"
  },
  "162": {
    "type": "ImageBatchExtendWithOverlap",
    "pos": [
      2839.654759342869,
      1811.7067208541482
    ],
    "size": [
      310.775,
      146
    ],
    "flags": {},
    "order": 76,
    "mode": 2,
    "inputs": {
      "source_images": [
        "69",
        0
      ]
    },
    "outputs": [
      {
        "name": "source_images",
        "type": "IMAGE",
        "links": [
          337
        ]
      },
      {
        "name": "start_images",
        "type": "IMAGE",
        "links": [
          307
        ]
      },
      {
        "name": "extended_images",
        "type": "IMAGE",
        "links": null
      }
    ],
    "properties": {
      "cnr_id": "comfyui-kjnodes",
      "ver": "50e7dd34d3b6e6bbab1d41e8068e1ddd19bd4d1b",
      "Node name for S&R": "ImageBatchExtendWithOverlap"
    },
    "widgets_values": [
      5,
      "source",
      "linear_blend"
    ],
    "class_type": "ImageBatchExtendWithOverlap"
  },
  "182": {
    "type": "WanVideoDecode",
    "pos": [
      4068.4959841143555,
      2073.9183839707684
    ],
    "size": [
      315,
      198
    ],
    "flags": {},
    "order": 99,
    "mode": 2,
    "inputs": {
      "vae": [
        "38",
        0
      ],
      "samples": [
        "163",
        0
      ],
      "enable_vae_tiling": false,
      "tile_x": 272,
      "tile_y": 272,
      "tile_stride_x": 144,
      "tile_stride_y": 128
    },
    "outputs": [
      {
        "name": "images",
        "type": "IMAGE",
        "slot_index": 0,
        "links": [
          336
        ]
      }
    ],
    "properties": {
      "cnr_id": "ComfyUI-WanVideoWrapper",
      "ver": "998a69cc0acbec503001b8b0ce0a5d5404420e1e",
      "Node name for S&R": "WanVideoDecode"
    },
    "widgets_values": [
      false,
      272,
      272,
      144,
      128,
      "default"
    ],
    "color": "#322",
    "bgcolor": "#533",
    "class_type": "WanVideoDecode"
  },
  "163": {
    "type": "WanVideoSampler",
    "pos": [
      3715.56305599809,
      1698.0255429406568
    ],
    "size": [
      315,
      1215.3333333333335
    ],
    "flags": {},
    "order": 97,
    "mode": 2,
    "inputs": {
      "model": [
        "80",
        0
      ],
      "image_embeds": [
        "164",
        0
      ],
      "text_embeds": [
        "16",
        0
      ],
      "cfg": 1,
      "scheduler": [
        "231",
        3
      ],
      "steps": 6,
      "seed": 1,
      "sampler_name": "euler",
      "shift": 0,
      "riflex_freq_index": 1,
      "force_offload": false
    },
    "outputs": [
      {
        "name": "samples",
        "type": "LATENT",
        "slot_index": 0,
        "links": [
          335
        ]
      },
      {
        "name": "denoised_samples",
        "type": "LATENT",
        "links": null
      }
    ],
    "properties": {
      "cnr_id": "ComfyUI-WanVideoWrapper",
      "ver": "998a69cc0acbec503001b8b0ce0a5d5404420e1e",
      "Node name for S&R": "WanVideoSampler"
    },
    "widgets_values": [
      6,
      1,
      7,
      0,
      "fixed",
      true,
      "euler",
      0,
      1,
      false,
      "comfy",
      0,
      -1,
      ""
    ],
    "class_type": "WanVideoSampler"
  },
  "130": {
    "type": "VHS_LoadVideo",
    "pos": [
      -1184.0544782492284,
      -2597.8271314720423
    ],
    "size": [
      247.455078125,
      727.9202266483517
    ],
    "flags": {},
    "order": 20,
    "mode": 0,
    "inputs": {
      "video": "vid.mp4",
      "force_rate": 0,
      "custom_width": 0,
      "custom_height": 0,
      "frame_load_cap": 300,
      "skip_first_frames": 0,
      "select_every_nth": 1,
      "format": "AnimateDiff",
      "choose video to upload": "image"
    },
    "outputs": [
      {
        "name": "IMAGE",
        "type": "IMAGE",
        "links": [
          234
        ]
      },
      {
        "name": "frame_count",
        "type": "INT",
        "links": []
      },
      {
        "name": "audio",
        "type": "AUDIO",
        "links": null
      },
      {
        "name": "video_info",
        "type": "VHS_VIDEOINFO",
        "links": null
      }
    ],
    "properties": {
      "cnr_id": "comfyui-videohelpersuite",
      "ver": "8550981384301e9bc5bfea83e5c2c75258102593",
      "Node name for S&R": "VHS_LoadVideo"
    },
    "widgets_values": {
      "video": "vid.mp4",
      "force_rate": 0,
      "custom_width": 0,
      "custom_height": 0,
      "frame_load_cap": 300,
      "skip_first_frames": 0,
      "select_every_nth": 1,
      "format": "AnimateDiff",
      "choose video to upload": "image",
      "videopreview": {
        "hidden": false,
        "paused": false,
        "params": {
          "filename": "vid.mp4",
          "type": "input",
          "format": "video/mp4",
          "force_rate": 0,
          "custom_width": 0,
          "custom_height": 0,
          "frame_load_cap": 300,
          "skip_first_frames": 0,
          "select_every_nth": 1
        }
      }
    },
    "class_type": "VHS_LoadVideo"
  },
  "141": {
    "type": "PoseDetectionOneToAllAnimation",
    "pos": [
      -331.6582810980512,
      -1816.9919378688412
    ],
    "size": [
      321.68515625,
      214
    ],
    "flags": {},
    "order": 87,
    "mode": 0,
    "inputs": {
      "model": [
        "128",
        0
      ],
      "images": [
        "131",
        0
      ],
      "ref_image": [
        "107",
        0
      ],
      "width": [
        "131",
        1
      ],
      "height": [
        "131",
        2
      ]
    },
    "outputs": [
      {
        "name": "pose_images",
        "type": "IMAGE",
        "links": [
          347
        ]
      },
      {
        "name": "ref_pose_image",
        "type": "IMAGE",
        "links": [
          321
        ]
      },
      {
        "name": "ref_image",
        "type": "IMAGE",
        "links": [
          266,
          371
        ]
      },
      {
        "name": "ref_mask",
        "type": "MASK",
        "links": [
          346
        ]
      }
    ],
    "properties": {
      "cnr_id": "ComfyUI-WanAnimatePreprocess",
      "ver": "8689199bf4fd631bf3e46a64f8304d826f398442",
      "Node name for S&R": "PoseDetectionOneToAllAnimation"
    },
    "widgets_values": [
      832,
      480,
      "ref",
      "weak",
      "full"
    ],
    "class_type": "PoseDetectionOneToAllAnimation"
  },
  "160": {
    "type": "VHS_VideoCombine",
    "pos": [
      4441.834579182315,
      1763.159366996609
    ],
    "size": [
      632.7794606974512,
      1410.1510652089155
    ],
    "flags": {},
    "order": 103,
    "mode": 2,
    "inputs": {
      "images": [
        "180",
        2
      ],
      "frame_rate": 16,
      "loop_count": 0,
      "filename_prefix": "WanVideo_OneToAllAnimation",
      "format": "video/h264-mp4",
      "pix_fmt": "yuv420p",
      "crf": 19,
      "save_metadata": true,
      "trim_to_audio": false,
      "pingpong": false,
      "save_output": false
    },
    "outputs": [
      {
        "name": "Filenames",
        "type": "VHS_FILENAMES",
        "links": null
      }
    ],
    "properties": {
      "cnr_id": "comfyui-videohelpersuite",
      "ver": "0a75c7958fe320efcb052f1d9f8451fd20c730a8",
      "Node name for S&R": "VHS_VideoCombine"
    },
    "widgets_values": {
      "frame_rate": 16,
      "loop_count": 0,
      "filename_prefix": "WanVideo_OneToAllAnimation",
      "format": "video/h264-mp4",
      "pix_fmt": "yuv420p",
      "crf": 19,
      "save_metadata": true,
      "trim_to_audio": false,
      "pingpong": false,
      "save_output": false,
      "videopreview": {
        "hidden": false,
        "paused": false,
        "params": {
          "filename": "WanVideo_OneToAllAnimation_00047.mp4",
          "subfolder": "",
          "type": "temp",
          "format": "video/h264-mp4",
          "frame_rate": 16,
          "workflow": "WanVideo_OneToAllAnimation_00047.png",
          "fullpath": "N:\\AI\\ComfyUI\\temp\\WanVideo_OneToAllAnimation_00047.mp4"
        }
      }
    },
    "class_type": "VHS_VideoCombine"
  },
  "164": {
    "type": "WanVideoAddOneToAllPoseEmbeds",
    "pos": [
      3345.021372931639,
      1913.8233243652492
    ],
    "size": [
      344.2642578125,
      146
    ],
    "flags": {},
    "order": 93,
    "mode": 2,
    "inputs": {
      "embeds": [
        "154",
        0
      ],
      "pose_images": [
        "242",
        0
      ],
      "pose_prefix_image": [
        "141",
        1
      ]
    },
    "outputs": [
      {
        "name": "image_embeds",
        "type": "WANVIDIMAGE_EMBEDS",
        "links": [
          401
        ]
      }
    ],
    "properties": {
      "cnr_id": "ComfyUI-WanVideoWrapper",
      "ver": "0f217be4d8742741b0f89db50138214302a58dc3",
      "Node name for S&R": "WanVideoAddOneToAllPoseEmbeds"
    },
    "widgets_values": [
      1,
      0,
      1
    ],
    "class_type": "WanVideoAddOneToAllPoseEmbeds"
  },
  "153": {
    "type": "WanVideoEncode",
    "pos": [
      3007.6623258473733,
      2030.480627720721
    ],
    "size": [
      270,
      242
    ],
    "flags": {},
    "order": 82,
    "mode": 2,
    "inputs": {
      "vae": [
        "38",
        0
      ],
      "image": [
        "162",
        1
      ],
      "enable_vae_tiling": false,
      "tile_x": 272,
      "tile_y": 272,
      "tile_stride_x": 144,
      "tile_stride_y": 128
    },
    "outputs": [
      {
        "name": "samples",
        "type": "LATENT",
        "links": [
          288
        ]
      }
    ],
    "properties": {
      "cnr_id": "ComfyUI-WanVideoWrapper",
      "ver": "7ca221874e8a2cabfc766c51bb63774fde3c851b",
      "Node name for S&R": "WanVideoEncode"
    },
    "widgets_values": [
      false,
      272,
      272,
      144,
      128,
      0,
      1
    ],
    "class_type": "WanVideoEncode"
  },
  "154": {
    "type": "WanVideoAddOneToAllExtendEmbeds",
    "pos": [
      3352.817251387321,
      1675.4363455786072
    ],
    "size": [
      322.0653377606026,
      170
    ],
    "flags": {},
    "order": 85,
    "mode": 2,
    "inputs": {
      "embeds": [
        "105",
        0
      ],
      "prev_latents": [
        "153",
        0
      ],
      "pose_images": [
        "141",
        0
      ],
      "overlap": 5,
      "frames_processed": [
        "69",
        3
      ]
    },
    "outputs": [
      {
        "name": "image_embeds",
        "type": "WANVIDIMAGE_EMBEDS",
        "links": [
          402
        ]
      },
      {
        "name": "pose_slice",
        "type": "IMAGE",
        "links": [
          418
        ]
      }
    ],
    "properties": {
      "cnr_id": "ComfyUI-WanVideoWrapper",
      "ver": "7ca221874e8a2cabfc766c51bb63774fde3c851b",
      "Node name for S&R": "WanVideoAddOneToAllExtendEmbeds"
    },
    "widgets_values": [
      81,
      5,
      0,
      "pad_with_last"
    ],
    "class_type": "WanVideoAddOneToAllExtendEmbeds"
  },
  "242": {
    "type": "GetImageSizeAndCount",
    "pos": [
      3473.4208519308463,
      1518.8930818357805
    ],
    "size": [
      240.41265869140625,
      86
    ],
    "flags": {},
    "order": 88,
    "mode": 2,
    "inputs": {
      "image": [
        "154",
        1
      ]
    },
    "outputs": [
      {
        "name": "image",
        "type": "IMAGE",
        "links": [
          419
        ]
      },
      {
        "label": "480 width",
        "name": "width",
        "type": "INT",
        "links": null
      },
      {
        "label": "832 height",
        "name": "height",
        "type": "INT",
        "links": null
      },
      {
        "label": "81 count",
        "name": "count",
        "type": "INT",
        "links": []
      }
    ],
    "properties": {
      "cnr_id": "comfyui-kjnodes",
      "ver": "a6b867b63a29ca48ddb15c589e17a9f2d8530d57",
      "Node name for S&R": "GetImageSizeAndCount"
    },
    "widgets_values": [],
    "class_type": "GetImageSizeAndCount"
  },
  "27": {
    "type": "WanVideoSampler",
    "pos": [
      1457.3481541123053,
      -533.3290636522167
    ],
    "size": [
      315,
      1215.3333333333335
    ],
    "flags": {},
    "order": 100,
    "mode": 0,
    "inputs": {
      "model": [
        "80",
        0
      ],
      "image_embeds": [
        "98",
        0
      ],
      "text_embeds": [
        "16",
        0
      ],
      "cfg": 1,
      "scheduler": [
        "231",
        3
      ],
      "steps": 6,
      "seed": 1,
      "sampler_name": "euler",
      "shift": 0,
      "riflex_freq_index": 1,
      "force_offload": false
    },
    "outputs": [
      {
        "name": "samples",
        "type": "LATENT",
        "slot_index": 0,
        "links": [
          177
        ]
      },
      {
        "name": "denoised_samples",
        "type": "LATENT",
        "links": null
      }
    ],
    "properties": {
      "cnr_id": "ComfyUI-WanVideoWrapper",
      "ver": "998a69cc0acbec503001b8b0ce0a5d5404420e1e",
      "Node name for S&R": "WanVideoSampler"
    },
    "widgets_values": [
      6,
      1,
      7,
      0,
      "fixed",
      true,
      "euler",
      0,
      1,
      false,
      "comfy",
      0,
      -1,
      ""
    ],
    "class_type": "WanVideoSampler"
  },
  "180": {
    "type": "ImageBatchExtendWithOverlap",
    "pos": [
      4052.7555556510197,
      1789.7669668405626
    ],
    "size": [
      310.775,
      146
    ],
    "flags": {},
    "order": 101,
    "mode": 2,
    "inputs": {
      "source_images": [
        "162",
        0
      ],
      "new_images": [
        "182",
        0
      ]
    },
    "outputs": [
      {
        "name": "source_images",
        "type": "IMAGE",
        "links": null
      },
      {
        "name": "start_images",
        "type": "IMAGE",
        "links": []
      },
      {
        "name": "extended_images",
        "type": "IMAGE",
        "links": [
          338,
          454
        ]
      }
    ],
    "properties": {
      "cnr_id": "comfyui-kjnodes",
      "ver": "50e7dd34d3b6e6bbab1d41e8068e1ddd19bd4d1b",
      "Node name for S&R": "ImageBatchExtendWithOverlap"
    },
    "widgets_values": [
      5,
      "source",
      "linear_blend"
    ],
    "class_type": "ImageBatchExtendWithOverlap"
  },
  "69": {
    "type": "GetImageSizeAndCount",
    "pos": [
      2838.884742729907,
      1626.3187741511504
    ],
    "size": [
      240.41265869140625,
      86
    ],
    "flags": {},
    "order": 40,
    "mode": 2,
    "inputs": {},
    "outputs": [
      {
        "name": "image",
        "type": "IMAGE",
        "links": [
          301
        ]
      },
      {
        "label": "480 width",
        "name": "width",
        "type": "INT",
        "links": null
      },
      {
        "label": "832 height",
        "name": "height",
        "type": "INT",
        "links": null
      },
      {
        "label": "81 count",
        "name": "count",
        "type": "INT",
        "links": [
          417
        ]
      }
    ],
    "properties": {
      "cnr_id": "comfyui-kjnodes",
      "ver": "a6b867b63a29ca48ddb15c589e17a9f2d8530d57",
      "Node name for S&R": "GetImageSizeAndCount"
    },
    "widgets_values": [],
    "class_type": "GetImageSizeAndCount"
  },
  "250": {
    "type": "VHS_VideoCombine",
    "pos": [
      2949.04786286762,
      -594.0225372282977
    ],
    "size": [
      632.7794606974512,
      1410.1510652089155
    ],
    "flags": {},
    "order": 107,
    "mode": 0,
    "inputs": {
      "images": [
        "263",
        0
      ],
      "frame_rate": 16,
      "loop_count": 0,
      "filename_prefix": "WanVideo_OneToAllAnimation",
      "format": "video/h264-mp4",
      "pix_fmt": "yuv420p",
      "crf": 19,
      "save_metadata": true,
      "trim_to_audio": false,
      "pingpong": false,
      "save_output": false
    },
    "outputs": [
      {
        "name": "Filenames",
        "type": "VHS_FILENAMES",
        "links": null
      }
    ],
    "properties": {
      "cnr_id": "comfyui-videohelpersuite",
      "ver": "0a75c7958fe320efcb052f1d9f8451fd20c730a8",
      "Node name for S&R": "VHS_VideoCombine"
    },
    "widgets_values": {
      "frame_rate": 16,
      "loop_count": 0,
      "filename_prefix": "WanVideo_OneToAllAnimation",
      "format": "video/h264-mp4",
      "pix_fmt": "yuv420p",
      "crf": 19,
      "save_metadata": true,
      "trim_to_audio": false,
      "pingpong": false,
      "save_output": false,
      "videopreview": {
        "hidden": false,
        "paused": false,
        "params": {
          "filename": "WanVideo_OneToAllAnimation_00056.mp4",
          "subfolder": "",
          "type": "temp",
          "format": "video/h264-mp4",
          "frame_rate": 16,
          "workflow": "WanVideo_OneToAllAnimation_00056.png",
          "fullpath": "N:\\AI\\ComfyUI\\temp\\WanVideo_OneToAllAnimation_00056.mp4"
        }
      }
    },
    "class_type": "VHS_VideoCombine"
  },
  "28": {
    "type": "WanVideoDecode",
    "pos": [
      1841.5450248450798,
      -540.548868296255
    ],
    "size": [
      315,
      198
    ],
    "flags": {},
    "order": 102,
    "mode": 0,
    "inputs": {
      "vae": [
        "38",
        0
      ],
      "samples": [
        "27",
        0
      ],
      "enable_vae_tiling": false,
      "tile_x": 272,
      "tile_y": 272,
      "tile_stride_x": 144,
      "tile_stride_y": 128
    },
    "outputs": [
      {
        "name": "images",
        "type": "IMAGE",
        "slot_index": 0,
        "links": [
          373,
          456
        ]
      }
    ],
    "properties": {
      "cnr_id": "ComfyUI-WanVideoWrapper",
      "ver": "998a69cc0acbec503001b8b0ce0a5d5404420e1e",
      "Node name for S&R": "WanVideoDecode"
    },
    "widgets_values": [
      false,
      272,
      272,
      144,
      128,
      "default"
    ],
    "color": "#322",
    "bgcolor": "#533",
    "class_type": "WanVideoDecode"
  },
  "139": {
    "type": "VHS_VideoCombine",
    "pos": [
      1850.9720046592752,
      -290.57954867365413
    ],
    "size": [
      395.9316825037836,
      999.6149163398916
    ],
    "flags": {},
    "order": 105,
    "mode": 0,
    "inputs": {
      "images": [
        "28",
        0
      ],
      "frame_rate": 16,
      "loop_count": 0,
      "filename_prefix": "WanVideo_OneToAllAnimation",
      "format": "video/h264-mp4",
      "pix_fmt": "yuv420p",
      "crf": 19,
      "save_metadata": true,
      "trim_to_audio": false,
      "pingpong": false,
      "save_output": false
    },
    "outputs": [
      {
        "name": "Filenames",
        "type": "VHS_FILENAMES",
        "links": null
      }
    ],
    "properties": {
      "cnr_id": "comfyui-videohelpersuite",
      "ver": "0a75c7958fe320efcb052f1d9f8451fd20c730a8",
      "Node name for S&R": "VHS_VideoCombine"
    },
    "widgets_values": {
      "frame_rate": 16,
      "loop_count": 0,
      "filename_prefix": "WanVideo_OneToAllAnimation",
      "format": "video/h264-mp4",
      "pix_fmt": "yuv420p",
      "crf": 19,
      "save_metadata": true,
      "trim_to_audio": false,
      "pingpong": false,
      "save_output": false,
      "videopreview": {
        "hidden": false,
        "paused": false,
        "params": {
          "filename": "WanVideo_OneToAllAnimation_00055.mp4",
          "subfolder": "",
          "type": "temp",
          "format": "video/h264-mp4",
          "frame_rate": 16,
          "workflow": "WanVideo_OneToAllAnimation_00055.png",
          "fullpath": "N:\\AI\\ComfyUI\\temp\\WanVideo_OneToAllAnimation_00055.mp4"
        }
      }
    },
    "class_type": "VHS_VideoCombine"
  },
  "231": {
    "type": "WanVideoScheduler",
    "pos": [
      555.2732475181559,
      -548.9801075749042
    ],
    "size": [
      287.11648399982687,
      463.4540736986145
    ],
    "flags": {},
    "order": 45,
    "mode": 0,
    "inputs": {
      "scheduler": "euler",
      "steps": 6,
      "start_step": 7,
      "end_step": 0,
      "shift": -1
    },
    "outputs": [
      {
        "name": "sigmas",
        "type": "SIGMAS",
        "links": null
      },
      {
        "name": "steps",
        "type": "INT",
        "links": []
      },
      {
        "name": "shift",
        "type": "FLOAT",
        "links": []
      },
      {
        "name": "scheduler",
        "type": "COMBO",
        "links": [
          410
        ]
      },
      {
        "name": "start_step",
        "type": "INT",
        "links": []
      },
      {
        "name": "end_step",
        "type": "INT",
        "links": []
      }
    ],
    "properties": {
      "cnr_id": "ComfyUI-WanVideoWrapper",
      "ver": "7ca221874e8a2cabfc766c51bb63774fde3c851b",
      "Node name for S&R": "WanVideoScheduler"
    },
    "widgets_values": [
      "euler",
      6,
      7,
      0,
      -1
    ],
    "class_type": "WanVideoScheduler"
  },
  "263": {
    "type": "WanVideoAddOneToAllExtendEmbeds",
    "pos": [
      2639.9052582244144,
      -588.9242489797474
    ],
    "size": [
      255.099609375,
      671.5059895833333
    ],
    "flags": {
      "collapsed": false
    },
    "order": 106,
    "mode": 0,
    "inputs": {
      "embeds": [
        "105",
        0
      ],
      "pose_images": [
        "141",
        0
      ],
      "overlap": 5,
      "vae": [
        "38",
        0
      ],
      "pose_prefix_image": [
        "141",
        1
      ],
      "model": [
        "80",
        0
      ],
      "text_embeds": [
        "16",
        0
      ],
      "cfg": 1,
      "scheduler": [
        "231",
        3
      ],
      "image": [
        "28",
        0
      ]
    },
    "outputs": [
      {
        "name": "extended_images",
        "type": "IMAGE",
        "links": [
          453,
          492
        ]
      }
    ],
    "title": "Extend",
    "properties": {
      "proxyWidgets": [
        [
          "-1",
          "overlap"
        ],
        [
          "-1",
          "cfg"
        ],
        [
          "-1",
          "scheduler"
        ],
        [
          "248",
          "seed"
        ],
        [
          "-1",
          "vhslatentpreview"
        ]
      ],
      "cnr_id": "comfy-core",
      "ver": "0.3.76"
    },
    "widgets_values": [
      5,
      1,
      "euler"
    ],
    "class_type": "WanVideoAddOneToAllExtendEmbeds"
  },
  "311": {
    "type": "WanVideoAddOneToAllExtendEmbeds",
    "pos": [
      5141.819270499038,
      -612.5932904990707
    ],
    "size": [
      255.099609375,
      671.5059895833333
    ],
    "flags": {
      "collapsed": false
    },
    "order": 110,
    "mode": 0,
    "inputs": {
      "embeds": [
        "105",
        0
      ],
      "pose_images": [
        "141",
        0
      ],
      "overlap": 5,
      "vae": [
        "38",
        0
      ],
      "pose_prefix_image": [
        "141",
        1
      ],
      "model": [
        "80",
        0
      ],
      "text_embeds": [
        "16",
        0
      ],
      "cfg": 1,
      "scheduler": [
        "231",
        3
      ],
      "image": [
        "297",
        0
      ]
    },
    "outputs": [
      {
        "name": "extended_images",
        "type": "IMAGE",
        "links": [
          493
        ]
      }
    ],
    "title": "Extend",
    "properties": {
      "proxyWidgets": [
        [
          "-1",
          "overlap"
        ],
        [
          "-1",
          "cfg"
        ],
        [
          "-1",
          "scheduler"
        ],
        [
          "248",
          "seed"
        ],
        [
          "-1",
          "vhslatentpreview"
        ]
      ],
      "cnr_id": "comfy-core",
      "ver": "0.3.76"
    },
    "widgets_values": [
      5,
      1,
      "euler"
    ],
    "class_type": "WanVideoAddOneToAllExtendEmbeds"
  },
  "297": {
    "type": "WanVideoAddOneToAllExtendEmbeds",
    "pos": [
      3891.4960203442197,
      -598.0509178253698
    ],
    "size": [
      255.099609375,
      671.5059895833333
    ],
    "flags": {
      "collapsed": false
    },
    "order": 108,
    "mode": 0,
    "inputs": {
      "embeds": [
        "105",
        0
      ],
      "pose_images": [
        "141",
        0
      ],
      "overlap": 5,
      "vae": [
        "38",
        0
      ],
      "pose_prefix_image": [
        "141",
        1
      ],
      "model": [
        "80",
        0
      ],
      "text_embeds": [
        "16",
        0
      ],
      "cfg": 1,
      "scheduler": [
        "231",
        3
      ],
      "image": [
        "263",
        0
      ]
    },
    "outputs": [
      {
        "name": "extended_images",
        "type": "IMAGE",
        "links": [
          482,
          503
        ]
      }
    ],
    "title": "Extend",
    "properties": {
      "proxyWidgets": [
        [
          "-1",
          "overlap"
        ],
        [
          "-1",
          "cfg"
        ],
        [
          "-1",
          "scheduler"
        ],
        [
          "248",
          "seed"
        ],
        [
          "-1",
          "vhslatentpreview"
        ]
      ],
      "cnr_id": "comfy-core",
      "ver": "0.3.76"
    },
    "widgets_values": [
      5,
      1,
      "euler"
    ],
    "class_type": "WanVideoAddOneToAllExtendEmbeds"
  },
  "292": {
    "type": "VHS_VideoCombine",
    "pos": [
      4200.638624987422,
      -603.14920607392
    ],
    "size": [
      632.7794606974512,
      1410.1510652089155
    ],
    "flags": {},
    "order": 109,
    "mode": 0,
    "inputs": {
      "images": [
        "297",
        0
      ],
      "frame_rate": 16,
      "loop_count": 0,
      "filename_prefix": "WanVideo_OneToAllAnimation",
      "format": "video/h264-mp4",
      "pix_fmt": "yuv420p",
      "crf": 19,
      "save_metadata": true,
      "trim_to_audio": false,
      "pingpong": false,
      "save_output": false
    },
    "outputs": [
      {
        "name": "Filenames",
        "type": "VHS_FILENAMES",
        "links": null
      }
    ],
    "properties": {
      "cnr_id": "comfyui-videohelpersuite",
      "ver": "0a75c7958fe320efcb052f1d9f8451fd20c730a8",
      "Node name for S&R": "VHS_VideoCombine"
    },
    "widgets_values": {
      "frame_rate": 16,
      "loop_count": 0,
      "filename_prefix": "WanVideo_OneToAllAnimation",
      "format": "video/h264-mp4",
      "pix_fmt": "yuv420p",
      "crf": 19,
      "save_metadata": true,
      "trim_to_audio": false,
      "pingpong": false,
      "save_output": false,
      "videopreview": {
        "hidden": false,
        "paused": false,
        "params": {
          "filename": "WanVideo_OneToAllAnimation_00057.mp4",
          "subfolder": "",
          "type": "temp",
          "format": "video/h264-mp4",
          "frame_rate": 16,
          "workflow": "WanVideo_OneToAllAnimation_00057.png",
          "fullpath": "N:\\AI\\ComfyUI\\temp\\WanVideo_OneToAllAnimation_00057.mp4"
        }
      }
    },
    "class_type": "VHS_VideoCombine"
  },
  "306": {
    "type": "VHS_VideoCombine",
    "pos": [
      5450.961875142243,
      -617.691578747621
    ],
    "size": [
      632.7794606974512,
      1410.1510652089155
    ],
    "flags": {},
    "order": 111,
    "mode": 0,
    "inputs": {
      "images": [
        "311",
        0
      ],
      "frame_rate": 16,
      "loop_count": 0,
      "filename_prefix": "WanVideo_OneToAllAnimation",
      "format": "video/h264-mp4",
      "pix_fmt": "yuv420p",
      "crf": 19,
      "save_metadata": true,
      "trim_to_audio": false,
      "pingpong": false,
      "save_output": false
    },
    "outputs": [
      {
        "name": "Filenames",
        "type": "VHS_FILENAMES",
        "links": null
      }
    ],
    "properties": {
      "cnr_id": "comfyui-videohelpersuite",
      "ver": "0a75c7958fe320efcb052f1d9f8451fd20c730a8",
      "Node name for S&R": "VHS_VideoCombine"
    },
    "widgets_values": {
      "frame_rate": 16,
      "loop_count": 0,
      "filename_prefix": "WanVideo_OneToAllAnimation",
      "format": "video/h264-mp4",
      "pix_fmt": "yuv420p",
      "crf": 19,
      "save_metadata": true,
      "trim_to_audio": false,
      "pingpong": false,
      "save_output": false,
      "videopreview": {
        "hidden": false,
        "paused": false,
        "params": {
          "filename": "WanVideo_OneToAllAnimation_00053.mp4",
          "subfolder": "",
          "type": "temp",
          "format": "video/h264-mp4",
          "frame_rate": 16,
          "workflow": "WanVideo_OneToAllAnimation_00053.png",
          "fullpath": "N:\\AI\\ComfyUI\\temp\\WanVideo_OneToAllAnimation_00053.mp4"
        }
      }
    },
    "class_type": "VHS_VideoCombine"
  }
}